{
  "todayAmount": 37.209999999999944,
  "monthlyAmount": 37.209999999999944,
  "monthlyLimit": 1000,
  "stopped": false,
  "byAssignee": {
    "web": 0,
    "snsVideo": 0,
    "aiDevelopment": 37.209999999999944,
    "estimate": 0
  },
  "byType": {
    "text": 37.209999999999944,
    "image": 0,
    "video": 0,
    "analysis": 0
  },
  "agentCosts": {
    "web": 0,
    "snsVideo": 0,
    "aiDevelopment": 37.209999999999944,
    "estimate": 0
  },
  "departmentCosts": {
    "web": 0,
    "snsVideo": 0,
    "aiDevelopment": 37.209999999999944,
    "estimate": 0
  },
  "breakdown": {
    "byAssignee": {
      "web": 0,
      "snsVideo": 0,
      "aiDevelopment": 37.209999999999944,
      "estimate": 0
    },
    "byType": {
      "text": 37.209999999999944,
      "image": 0,
      "video": 0,
      "analysis": 0
    }
  },
  "modelCosts": {
    "gpt-4.1-mini": 0,
    "gpt-4.1-nano": 37.209999999999944
  }
}